relative_path,size_bytes,sha256
.github/workflows/public-checks.yml,464,d1f9af4ace06aadf5701c4d5d5e971ddbca0641eb391ab24213eeb2d1642404f
.gitignore,514,1def42b197b300aee9d93b3402979bbcac52cb102d38f1b4006aa3297b4eb86b
artifacts/analysis/campaign_v1/allocation_policy.csv,6667,f866785a9899e6414324e8d31ebf2010f69c9426915242cbf23a8b46fee8ec50
artifacts/analysis/campaign_v1/audit_attribute_fairness.csv,2004,36e2e3b09bc4d0c3ad7b8e1625687e4869875678166962012bfde6ae8d8a5914
artifacts/analysis/campaign_v1/campaign_results.json,2220,b9d2c556211edb85a6c33e5263340c4f14a0c6296b8be6687501e45e0a36de4d
artifacts/analysis/campaign_v1/campaign_summary.md,1811,19dedf0aea89ea97de5b44e02be884df43047abffd85713853f8e77dd4bbea1d
artifacts/analysis/campaign_v1/config.json,567,b519f8f46166abd57c85c4b0273b9fdffd77ff7ab65e1936569eb73a6908ec96
artifacts/analysis/campaign_v1/continuous_tuning.csv.gz,1422,972c6e77d9af90c60c90ebd6b05b21faff17e2efe4e59db703438dd441c39569
artifacts/analysis/campaign_v1/environment.json,368,18024bcdfd4b9cb861ba5d356a52679c4760b3dec34f223767ea7e581c02f91c
artifacts/analysis/campaign_v1/slice_results.csv,3857,99f5297faa97e79ade9b5658df8dd74bbaa80d0ed5526ab7c843f79f4d76a077
artifacts/analysis/campaign_v1/validation.json,789,3ef69797b92d24930d851ff04a509b1bd670da3b72f78681dc26545b8c49871f
artifacts/analysis/campaign_v1/validation.md,885,2e2680162b049fdbebac2dc59fe6afeb47c1f083871a733ecec6be5511187254
artifacts/analysis/profile_bootstrap_reselected_v1/bootstrap_contrast_replicates.csv.gz,143817,f21150a85cd00d5a62fb325fe6a490d5bdad7e948bb6f19ef900c9e047edf654
artifacts/analysis/profile_bootstrap_reselected_v1/bootstrap_profile_replicates.csv.gz,829454,f85d2a1f06dc2687e62b94ff96ed2d7128700c5a21d920122021d2979ad3329e
artifacts/analysis/profile_bootstrap_reselected_v1/bootstrap_queue_diagnostics.csv.gz,90499,9acff1edb3fa4e3bb0dc10f53d32132619ef8f09c94e87484684bf5f0786ca8d
artifacts/analysis/profile_bootstrap_reselected_v1/comparison_contrasts_fixed_vs_reselected.csv,2739,89ad9f24d295d72c75f7e287adb60588f1f9954732a49fa2a063587c19fb14fc
artifacts/analysis/profile_bootstrap_reselected_v1/comparison_profiles_fixed_vs_reselected.csv,9610,c2b9e27b9962290ec461116ca8a7a08b0a8c79270ef84d6525b42e297628a038
artifacts/analysis/profile_bootstrap_reselected_v1/config.json,851,7fa5063a9bbd04e5013acc7fa8b7f040bd9da615483175134d01ada256d66f73
artifacts/analysis/profile_bootstrap_reselected_v1/contrast_summary.csv,1776,5c4b6b225fbbf6002af582e7af1879f7a017ec621d9b7c22aac73c5abd7f60b4
artifacts/analysis/profile_bootstrap_reselected_v1/full_sample_profiles.csv,2568,fe0706e36603840ea6e092efc6d501c0cb4b49b308f8f72e18ab6a1fc819040e
artifacts/analysis/profile_bootstrap_reselected_v1/full_sample_queue_diagnostics.json,585,75e4a5202895a3d0f371915fe6def89a4c7e503d4fc1081b618f4ca639dd4606
artifacts/analysis/profile_bootstrap_reselected_v1/independent_validation.json,1658,08fff680e8a98e6b2d342d7b281b93f0db438b8e6781a047e7393496b1877ba8
artifacts/analysis/profile_bootstrap_reselected_v1/independent_validation.md,1297,8d784f0758ba3c6f61e25bc33292aee17fa7d54f8812ac878bc82066b8b05852
artifacts/analysis/profile_bootstrap_reselected_v1/profile_summary.csv,6336,d067d8de1619ac7857a6b0ff5a4d04b35c1449cb320f98a6dd8422d1e99fd17d
artifacts/analysis/profile_bootstrap_reselected_v1/summary.json,1328,db88c379545af33005dcfd29ebee7e031555bbe750731962bce47fb2bcfe5dd8
artifacts/analysis/profile_bootstrap_reselected_v1/summary.md,578,5a941ef6970334585729b0e917c7a7eb0e839c3a995e570fabc91917b18eca1a
artifacts/analysis/profile_bootstrap_reselected_v1/validation.json,1431,1720669376bda1af7ab400606dc1401d3947125313f1b37b5ae4415be7b748a1
artifacts/analysis/profile_bootstrap_reselected_v1/validation.md,1319,98049724bb0a726b2cf1d56f93bd37343f4e7ba323189546e3f5956277322a99
artifacts/analysis/reviewer_revision_v1/ablation_tuning.csv,5234,5b3e56b4b4dfef7d230dd11871d5426070dc0c8ad86fff10f2a2d964726eb835
artifacts/analysis/reviewer_revision_v1/audit_attribute_logit.csv,2472,fd9511ab4c3c4e7491438779a12d7e77fd98247a442add50e646831f80482dbd
artifacts/analysis/reviewer_revision_v1/bootstrap_deltas.csv,3514,0fee8693550b8c8a82a033c2a7de78b2f487ba7fc935e4c64ace2b08693aadce
artifacts/analysis/reviewer_revision_v1/bootstrap_metrics.csv.gz,291475,7e386c8382756629c91cc978f2b1cca63960a9946f4e4721a0502aaf4b4f5f1d
artifacts/analysis/reviewer_revision_v1/brr_deltas.csv,4074,c6ee58cfc5742ecd5d1d70c3c97e6fd4a0cadbe4fbb2bb59c5a02594cd2e7470
artifacts/analysis/reviewer_revision_v1/brr_performance_replicates.csv.gz,24016,db6ffa646d0b84ce9bec50d671c3ce5cf5fc56af4f04286e0d681cf3dcae0f5b
artifacts/analysis/reviewer_revision_v1/brr_performance_summary.csv,4701,6557343f7e1e088e77d6454a6e9b3aa839897e7e075ff5f9e2f14cb08d998422
artifacts/analysis/reviewer_revision_v1/config.json,624,5998f9f99a0ce942a47610ce0f6cbf9a75a4e1ce625ba8f09dcb2ce3b257741a
artifacts/analysis/reviewer_revision_v1/environment.json,478,2fc2da389d23de9e9bd13e288c15e852567597acaa8bbae2c3e9d1e21ccc36ca
artifacts/analysis/reviewer_revision_v1/hgb_no_earlystop_folds.csv,723,223d796487e8c60f7625d78e08a2755935d3c8cfe630e36aced331ad5ed670d9
artifacts/analysis/reviewer_revision_v1/inclusion_audit.csv,1665,e06bb7d1483f7cc0fd35bca2f0e60cb7af9b715f6b0f97938bfd491cdcec0fbf
artifacts/analysis/reviewer_revision_v1/independent_validation.json,1966,286d84fa97148298edf2fecc417b41cc40721dd4e93b147d7d670e45b7bbcac2
artifacts/analysis/reviewer_revision_v1/logistic_coefficients.csv,43600,5ddacf3a68d55d5b08417bf36c8da36fc0d5644201b2ad5d6e6797008b34d8c8
artifacts/analysis/reviewer_revision_v1/model_metrics.csv,3916,df99fba7d877be7743731e20da78cbe322ce2d81a5d0b4546bd24b2dfc8ae3c1
artifacts/analysis/reviewer_revision_v1/queue_overlap.csv,1130,aa6de0a35cfe932f7477787c46d0fbdfdbf93f2dbf11be41d9ace600bab11454
artifacts/analysis/reviewer_revision_v1/queue_overlap_brr.csv.gz,8784,dc71bccea0f1d6fb39008494efdfe5233b54628a7bb4b3ddb23dc26978492904
artifacts/analysis/reviewer_revision_v1/reference_profiles.csv,4267,0b523dd32a7e0c65cf630af3bdf3c26b07e2b370c6acd1f136e0335ae3e3274b
artifacts/analysis/reviewer_revision_v1/region_uncertainty.csv,5548,dbee5840a37ffda762b3f85414c923f373dd1e2e5fdc6547970a2bc4ff1ae78f
artifacts/analysis/reviewer_revision_v1/replacement_contrasts.csv,1218,7995bea097825f2c7c069e9bb32851ca4447a5b11d33b2dd352e30ab2885cd6d
artifacts/analysis/reviewer_revision_v1/replacement_profiles.csv,3607,452764bb4fa87c613d35811428de49855cdfbee46a64d88ca9f3bc12de9c64c2
artifacts/analysis/reviewer_revision_v1/score_miss_profile.csv,544,d8a3b0ff5910d4100ba142330725ccf1845b9c70c58359f53592b01127abb315
artifacts/analysis/reviewer_revision_v1/sex_calibration_curve.csv,2243,f21ec656e6c33a36d3e8691f1967bcbe83980407f82093507d8584b24f3c4760
artifacts/analysis/reviewer_revision_v1/sex_calibration_summary.csv,1260,1e53f44212dfa48f5858aa424b8d326393cd8c63fad6d1ccbb165ecb71ee5543
artifacts/analysis/reviewer_revision_v1/summary.json,655,8760550d52d2f01b2e26fa9fe8935186c524d02d58f5a1654598732cc8a35c39
artifacts/analysis/reviewer_revision_v1/summary.md,478,e11fbb13f07f94890b2ede7277f0f9cf986bc34aeeb731a8107a4098dea36fc7
artifacts/analysis/reviewer_revision_v1/validation.json,549,c8115fcca0ce561f0b10e71b2d78cd4a8f96f02f0a2b983add5f9743f3b3c2f1
artifacts/analysis/targeted_revision_v2/audit_attribute_bootstrap_replicates.csv.gz,59750,10f747661a0c968d1308433dfb34ae0f2210ed7ad3912d9ffa452d592a585019
artifacts/analysis/targeted_revision_v2/audit_attribute_deltas.csv,337,e89010e4f428daef2fdb4a52006833d63df59713329bef1ac30633a1bed87d63
artifacts/analysis/targeted_revision_v2/audit_attribute_overall.csv,346,204d12db08486ca853e0daa3156d5cdc69b0864417c9fdb6e568ba74efeaabd7
artifacts/analysis/targeted_revision_v2/capacity_identity_checks.csv,3183,075e4f16aabafce80c86469918233d94269b1b42c697722174f04496ab915403
artifacts/analysis/targeted_revision_v2/fractional_boundary.csv,261,27bde454f75126d9061a75a90eba64baa7b16dd18eb270c28a471802f17f9cb5
artifacts/analysis/targeted_revision_v2/hgb_vs_expanded_logit.csv,487,40e005a7e4d083d5d7afaf66fb2179a0795355306c9893ae8f8e482b0e60837c
artifacts/analysis/targeted_revision_v2/overlap_uncertainty.csv,1227,ef5ffb64d9c979d6fc98992697ac02ef993f0042dbb64027c8b27132d24f35e2
artifacts/analysis/targeted_revision_v2/point_delta_checks.csv,3984,a739a5397e9a7b434b340de7b63114eb29f7ffee8d01c8bb7af46d24520898e4
artifacts/analysis/targeted_revision_v2/robustness_results.csv,1167,a66af39bca83ef0d8e4550f87173fedb223836ade3b740036cb1ba27938298ee
artifacts/analysis/targeted_revision_v2/statistical_audit.json,29732,61ecdc2a60e068fe083e640a514810844f7f68793563a7b0ca257abe75b08bd9
artifacts/analysis/targeted_revision_v2/statistical_audit.md,16287,13846be1add070f2ad3a376b28267217f70dea686b21d42697ca6e29e2d0e0d1
artifacts/analysis/targeted_revision_v2/validation.json,238,d1ce18df72b63596b198785af43868e0f5407126c18fbb530805b0ac064229ea
artifacts/analysis/visibility_profiles_v1/config.json,685,7d82f23ebf246b08cf679f961449a3fabb04cacfa45efc2fdd0e16add7a36481
artifacts/analysis/visibility_profiles_v1/environment.json,189,f55c615581de5714e2069a6f1e2b1723f5e3c1a5b82d91e186b35bb52b971b93
artifacts/analysis/visibility_profiles_v1/independent_validation.json,252,a8671e96503b68e3ea9b559235d6cc5750e26c01edb0e69e46a81b3d7830b62c
artifacts/analysis/visibility_profiles_v1/profile_contrasts.csv,2663,e76a207641c665378e54a391719803e22f5d4dd337d21bb15193dc1c66b514e0
artifacts/analysis/visibility_profiles_v1/profile_estimates.csv,4765,eb0a71cda0f7aba6829798f7faaed8a6ea13d12f016578a353b92d5e5367a0b3
artifacts/analysis/visibility_profiles_v1/selection_overlap.csv,241,7c287f482191d1dfa5a2d654adbbb1b877bdc44f60a9121481251871eddc68ad
artifacts/analysis/visibility_profiles_v1/summary.json,637,8b685cec509d425265c5380f9f7af02ed299aeea1307b8f383335a216702d085
artifacts/analysis/visibility_profiles_v1/validation.json,302,508483c3e1bf8896144c9b35ecbb20a6f490c77b07330c8b1a4d7121ab38855d
artifacts/analysis/visibility_profiles_v1/visibility_group_shares.csv,343,c807821b294b19125c7e106cad3efadd16e50b355d8ba4df0f1d16e8252975e8
artifacts/baseline/json/metric_contract.json,1113,fcb84973304ddd3b665658db9b05dc97bcd5267d6e3b3a3278054174c6f2d9dd
artifacts/experiment/main_v1/bootstrap_summary.csv,1789,5b45989f9c2ccd285971e433e0d38fc40b453a5a74d6c2305d8170f5ce5b1e2a
artifacts/experiment/main_v1/claim_validation.md,1620,f6e2e3a8c1cf874dbd1d047d624d22e48d85d326ae9ddd44a25f7541d6f8c706
artifacts/experiment/main_v1/config.json,1555,5775c23cabd548fbbc11e48da3393fe3f31329b8d2a3d2d92e031b052dd5ba51
artifacts/experiment/main_v1/environment.json,280,01b09b12a91fa4f0b7056dc2ba6c867d9bd80e3a715aa663193510a440d1fe22
artifacts/experiment/main_v1/fairness_bootstrap_summary.csv,362,1684bb42627b158b033b35427d4c422ae0bc014d73014fc105f4c6ff88c524f8
artifacts/experiment/main_v1/fairness_metrics.csv,13507,146246ce21a7e077d92e676a955c6d915fdc7ab1ec5fb0c7811222b005d08f3d
artifacts/experiment/main_v1/fold_metrics.csv,37022,776ad6a56d7d5902e43201a8da69275e52935c966bbcc1fdff9134641c73fda4
artifacts/experiment/main_v1/metrics.csv,3587,1d40921428eea0a20bb729507ec814bfbfbf8c1faa9b59dac16bda9d35f4e144
artifacts/experiment/main_v1/metrics.json,49930,b42910a45f99c36d8d9eb9e842ac52ecfa98f49cb54c0efcc7cddbe63f0db0f8
artifacts/experiment/main_v1/paired_bootstrap_deltas.csv,684,ef905bf4331c5a54783e57e25e02ff1ca48b0120721e55e2802fafe105e94966
artifacts/experiment/main_v1/prevalence_brr.json,214,da5e6472703a78d1a74a5b70ea8481ea77edd7e53713054b7250b17a8fecbfd2
artifacts/experiment/main_v1/summary.md,2470,5abdeb079f487111ba85b95339dda2f150ffa10fb07384ae63a8b99e1b2d4501
artifacts/experiment/main_v1/tuning_results.csv.gz,6800,69f79c6ea1aed014dc28c77b528b8ecd00892c01f978fd064793ba9e98ef7eb4
artifacts/experiment/main_v1/validation.json,3255,8f372b7b812c0212f3d9de271162cacff1055c1a0d33b570ac0d350c425abe53
artifacts/experiment/main_v1/validation.md,1072,2b191a2052a5607bc8b604a05ebc0762b7b56b9de0159c10a5048a69908b0253
artifacts/experiment/pilot_v1/config.json,1303,5dadb7acc44e60a6dd0750f91ee15ab926649c67755ac1d051aa3c938c544f66
CITATION_PENDING.md,533,e6b92b8e84892e3a5f3fb64da19751ce2453d1e853f2fd382f918fe61c8ae3a5
data/raw/pisa2022/README.md,215,c95589a093e3e8fb6a5a53ffdc7100075d329c34de2e75aba74fae1da52322e8
DATA.md,1606,6cba73b351be7e8238cf64f2cd4036b6759854f6a77a83f7670a40bef9c5d325
LICENSE_PENDING.md,454,a5883788fd8c968c5a3395b2d63d87898fd16fd7b181199cd1311bd06df06381
README.md,4063,e5fed867545357db023a2be03ecc76b28a525d91f756b69531b3405222b06825
RELEASE_STATUS.md,565,843fb859fdd580f807f84209d9ebeab6b32a32dde875ad6a8e3b8f74179f50ac
REPRODUCIBILITY.md,2222,4bf0240ba227b2c844c711e23cab0964208723d5c2972e9a2f1b574c6929c24b
requirements.txt,79,f168dfaabbab8fbf1a721efdce20ec086483347f7fc4ad57556bcef9b891264d
RESULTS.md,1649,771f0bc191602c158a67ae6a712a644d4f08b41580d87e4da78690a52ab67a6c
scripts/package_sanity_check.py,1944,2de43ff3759f85eaea3b90a15180fa077b6ef25540b9081b6bd122af7b28b9a2
scripts/run_full_pipeline.py,1393,d456a01da8fcd7c4a8d08430bb32ba2ba7421149eb9c00c967fd132ef30d574f
scripts/run_main.py,30752,d657e78baa61703fa8257a2baa8ab5d9f0bc42c8ed0bfd09a6e03dbfeecdb8b2
scripts/run_pilot.py,23395,c0712d7fdea3a1e835ceb3e39532c747b606fd8a23508e91db2bdfe93095e80e
scripts/run_profile_bootstrap_reselected.py,26579,ae3c554c6b71d648d4bf0573854127654ddb869d12a2c8f0da9c6889ac18bc6d
scripts/run_reviewer_revision.py,42115,32a52287617e28a8e08faddf2f3fd0c4013285d9fd473549358ff21760496fe6
scripts/run_sensitivities.py,23064,4f1eefa3b55f4ea52af4b946a79b13ad01f507d12e6dd29d590a39d212e9d4ef
scripts/run_targeted_revision_round2.py,12246,03cc649c31047acccb13a13c0bbdf6a8d93a472220a55c896c76c0283a2ff80a
scripts/run_visibility_profiles.py,14212,2d1a242a76a56624d6d59467c0b6045ab8c9d7e2231f3fef0119edea8290e272
scripts/validate_campaign.py,9270,148bce9a4b3bc632ecb61a0553d00c1a50c795c51bbaf3cb319d3f470a510722
scripts/validate_main.py,10763,86fb2e9a3d99771e74dd427ce7fc22fbd31d5cc0242140262c45c9c50fcb5b48
scripts/validate_profile_bootstrap_reselected.py,10052,525b78944159c6e2c9d710ce6956c469a7754815b133311dda3461dc40eb32ad
scripts/validate_public_aggregates.py,2977,06aa1323a072daeffbb6ca140c143533468b91948760b653839914afc9272aec
scripts/validate_reviewer_revision.py,6929,ecccfbeafcf03636354bb5ad7a75bc9649fdec163f69573b3bebe2beaaecd791
scripts/validate_visibility_profiles.py,3797,5e25f0abd1ce2bbc779db66154fc1eeb239f61015f3155695c324babe497f1d4
