model,policy,recall,precision,selected_weight_fraction,group_axis,group,group_recall
routine_logit,global,0.16295458838094906,0.23753127140444513,0.09999999999999999,,,
routine_logit,global,,,,sex,female,0.15083186328095222
routine_logit,global,,,,sex,male,0.1848275140748809
routine_logit,global,,,,sex,max_minus_min,0.03399565079392869
routine_logit,global,,,,immigration_background,native,0.14708659995571424
routine_logit,global,,,,immigration_background,immigrant,0.1674494725457158
routine_logit,global,,,,immigration_background,max_minus_min,0.02036287259000155
routine_logit,global,,,,escs_weighted_tertile,low,0.20632846765689847
routine_logit,global,,,,escs_weighted_tertile,middle,0.13736696611714003
routine_logit,global,,,,escs_weighted_tertile,high,0.11186285722940287
routine_logit,global,,,,escs_weighted_tertile,max_minus_min,0.0944656104274956
routine_logit,within_school,0.16154682339801807,0.23547923832236622,0.10000000000000002,,,
routine_logit,within_school,,,,sex,female,0.15742245398902316
routine_logit,within_school,,,,sex,male,0.16898838664993865
routine_logit,within_school,,,,sex,max_minus_min,0.01156593266091549
routine_logit,within_school,,,,immigration_background,native,0.14929693068784095
routine_logit,within_school,,,,immigration_background,immigrant,0.16967955152719982
routine_logit,within_school,,,,immigration_background,max_minus_min,0.020382620839358878
routine_logit,within_school,,,,escs_weighted_tertile,low,0.19145726180985656
routine_logit,within_school,,,,escs_weighted_tertile,middle,0.13925630549863377
routine_logit,within_school,,,,escs_weighted_tertile,high,0.12901520761969498
routine_logit,within_school,,,,escs_weighted_tertile,max_minus_min,0.06244205419016158
routine_hgb,global,0.1579889447420301,0.23029308524096975,0.09999999999999998,,,
routine_hgb,global,,,,sex,female,0.14689975906594394
routine_hgb,global,,,,sex,male,0.17799706439322216
routine_hgb,global,,,,sex,max_minus_min,0.031097305327278224
routine_hgb,global,,,,immigration_background,native,0.14422600672293087
routine_hgb,global,,,,immigration_background,immigrant,0.16882680609112957
routine_hgb,global,,,,immigration_background,max_minus_min,0.0246007993681987
routine_hgb,global,,,,escs_weighted_tertile,low,0.18963056012221446
routine_hgb,global,,,,escs_weighted_tertile,middle,0.1529422196595087
routine_hgb,global,,,,escs_weighted_tertile,high,0.10027238200180469
routine_hgb,global,,,,escs_weighted_tertile,max_minus_min,0.08935817812040978
routine_hgb,within_school,0.15577681157746753,0.22706856233360545,0.10000000000000002,,,
routine_hgb,within_school,,,,sex,female,0.1460400271597647
routine_hgb,within_school,,,,sex,male,0.17334480559774793
routine_hgb,within_school,,,,sex,max_minus_min,0.027304778437983235
routine_hgb,within_school,,,,immigration_background,native,0.14541773384027643
routine_hgb,within_school,,,,immigration_background,immigrant,0.15347017315877567
routine_hgb,within_school,,,,immigration_background,max_minus_min,0.00805243931849925
routine_hgb,within_school,,,,escs_weighted_tertile,low,0.17822333118888728
routine_hgb,within_school,,,,escs_weighted_tertile,middle,0.13935635336081187
routine_hgb,within_school,,,,escs_weighted_tertile,high,0.12866309484400215
routine_hgb,within_school,,,,escs_weighted_tertile,max_minus_min,0.04956023634488513
expanded_logit,global,0.26537315919045984,0.38682202523665415,0.10000000000000013,,,
expanded_logit,global,,,,sex,female,0.2661076618876159
expanded_logit,global,,,,sex,male,0.2640479024693542
expanded_logit,global,,,,sex,max_minus_min,0.0020597594182616974
expanded_logit,global,,,,immigration_background,native,0.24236565580544928
expanded_logit,global,,,,immigration_background,immigrant,0.30184882806811464
expanded_logit,global,,,,immigration_background,max_minus_min,0.05948317226266536
expanded_logit,global,,,,escs_weighted_tertile,low,0.313904013630618
expanded_logit,global,,,,escs_weighted_tertile,middle,0.22738527760552824
expanded_logit,global,,,,escs_weighted_tertile,high,0.22959430453031995
expanded_logit,global,,,,escs_weighted_tertile,max_minus_min,0.08651873602508975
expanded_logit,within_school,0.24159642520549074,0.35216379370473866,0.10000000000000002,,,
expanded_logit,within_school,,,,sex,female,0.24649738918697842
expanded_logit,within_school,,,,sex,male,0.23275365923402244
expanded_logit,within_school,,,,sex,max_minus_min,0.013743729952955974
expanded_logit,within_school,,,,immigration_background,native,0.22504182623066568
expanded_logit,within_school,,,,immigration_background,immigrant,0.2643159092474839
expanded_logit,within_school,,,,immigration_background,max_minus_min,0.0392740830168182
expanded_logit,within_school,,,,escs_weighted_tertile,low,0.27013145963873786
expanded_logit,within_school,,,,escs_weighted_tertile,middle,0.21563724056388472
expanded_logit,within_school,,,,escs_weighted_tertile,high,0.22301697295811052
expanded_logit,within_school,,,,escs_weighted_tertile,max_minus_min,0.054494219074853134
expanded_hgb,global,0.28094462841968787,0.40951982663275327,0.09999999999999991,,,
expanded_hgb,global,,,,sex,female,0.29772571786235014
expanded_hgb,global,,,,sex,male,0.2506666571372513
expanded_hgb,global,,,,sex,max_minus_min,0.047059060725098856
expanded_hgb,global,,,,immigration_background,native,0.26841212520457286
expanded_hgb,global,,,,immigration_background,immigrant,0.31475473990987246
expanded_hgb,global,,,,immigration_background,max_minus_min,0.0463426147052996
expanded_hgb,global,,,,escs_weighted_tertile,low,0.30918769230931725
expanded_hgb,global,,,,escs_weighted_tertile,middle,0.2615844156339236
expanded_hgb,global,,,,escs_weighted_tertile,high,0.27309917437119446
expanded_hgb,global,,,,escs_weighted_tertile,max_minus_min,0.04760327667539366
expanded_hgb,within_school,0.26687428753533443,0.3890101497187081,0.10000000000000002,,,
expanded_hgb,within_school,,,,sex,female,0.27484079764357777
expanded_hgb,within_school,,,,sex,male,0.2525003837966767
expanded_hgb,within_school,,,,sex,max_minus_min,0.022340413846901053
expanded_hgb,within_school,,,,immigration_background,native,0.2603564998055618
expanded_hgb,within_school,,,,immigration_background,immigrant,0.2832206781651257
expanded_hgb,within_school,,,,immigration_background,max_minus_min,0.02286417835956389
expanded_hgb,within_school,,,,escs_weighted_tertile,low,0.2866027619337504
expanded_hgb,within_school,,,,escs_weighted_tertile,middle,0.2447369629602996
expanded_hgb,within_school,,,,escs_weighted_tertile,high,0.26647812436065427
expanded_hgb,within_school,,,,escs_weighted_tertile,max_minus_min,0.0418657989734508
