model,split,group_axis,group,n,events,weighted_prevalence,auprc,auroc,brier,calibration_intercept,calibration_slope,recall_at_global_10pct_capacity,precision_at_global_10pct_capacity,selection_rate
routine_logit,school_nested,sex,female,14663,2604,0.18888800523958946,0.2581870585712877,0.6144426254082941,0.15226911391512937,0.47319471190686174,1.0804199312408007,0.15083186328095222,0.29864716329637947,0.09539795880610975
routine_logit,school_nested,sex,male,14925,1453,0.10323940950045454,0.14944431900913605,0.5869503538468371,0.09359213957971675,-0.5703020268591356,0.9065920058380789,0.1848275140748809,0.18253093626536718,0.1045383528016676
routine_logit,school_nested,immigration_background,native,25034,3116,0.13233832405181511,0.1820718927027447,0.5991195332614041,0.1133936406651278,-0.10742807986539041,0.986898189249177,0.14708659995571424,0.22416899343752758,0.0868326784633739
routine_logit,school_nested,immigration_background,immigrant,3765,777,0.20585904087890494,0.23337711737146422,0.5435600919233818,0.16596403794575557,-0.6041287999456085,0.4364252245546987,0.1674494725457158,0.24672476163073326,0.13971434235503058
routine_logit,school_nested,escs_weighted_tertile,low,9221,1551,0.174071136005217,0.21622558107629974,0.5821764383087144,0.14291324392038424,-0.3351317230108174,0.7205597660811854,0.20632846765689847,0.23340199900490166,0.15387970500842937
routine_logit,school_nested,escs_weighted_tertile,middle,9997,1388,0.1492357801380013,0.21050778707173806,0.6017388415325567,0.12491354920682986,0.12780137004740355,1.043620097956716,0.13736696611714003,0.25072051748630414,0.08176461407791095
routine_logit,school_nested,escs_weighted_tertile,high,10157,1066,0.11087634837282896,0.15057222953323907,0.5799227431539651,0.09834340190939769,-0.35309218194245406,0.930433743776586,0.11186285722940287,0.21592625050607514,0.05744065438582856
routine_logit,region_iecv,sex,female,14663,2604,0.18888800523958946,0.25641035625823916,0.6087627306087364,0.15226202952815607,0.45157663116409985,1.0699673469654734,0.14302571037425982,0.28824856354181533,0.09372411365599082
routine_logit,region_iecv,sex,male,14925,1453,0.10323940950045454,0.1466751998224861,0.5827092750262869,0.09369348747739056,-0.5947345298379745,0.893813477448947,0.18365299235843072,0.17855164406392243,0.10618903333809694
routine_logit,region_iecv,immigration_background,native,25034,3116,0.13233832405181511,0.18102573621978255,0.5921025124763897,0.11346406129726375,-0.15675215142941717,0.9612073739860758,0.14485278234948365,0.21736302147586214,0.08819151629478875
routine_logit,region_iecv,immigration_background,immigrant,3765,777,0.20585904087890494,0.23327943392971318,0.542669337445753,0.1658614159981271,-0.5795805636058958,0.45096629686483414,0.14946274794539754,0.2330229067895064,0.13203962804806377
routine_logit,region_iecv,escs_weighted_tertile,low,9221,1551,0.174071136005217,0.21450160792054257,0.5774003263783881,0.14314770151993234,-0.3892975817945549,0.689006052573614,0.19653085842750567,0.2277944386194331,0.15018079455271613
routine_logit,region_iecv,escs_weighted_tertile,middle,9997,1388,0.1492357801380013,0.20800741019402297,0.596462058785907,0.12485255209387637,0.12536450970506105,1.0452810132625099,0.13458542721448918,0.2345116834228441,0.08564588737076108
routine_logit,region_iecv,escs_weighted_tertile,high,10157,1066,0.11087634837282896,0.14996516929218015,0.5706696006606199,0.098306819847231,-0.3382791046822513,0.9395162872131941,0.10990737564624456,0.21494553335579344,0.05669402978811858
routine_hgb,school_nested,sex,female,14663,2604,0.18888800523958946,0.2527270592194041,0.6071686293970008,0.15217005461150684,0.49922865985904913,1.099642872018164,0.14689975906594394,0.28891710435352874,0.0960400130072934
routine_hgb,school_nested,sex,male,14925,1453,0.10323940950045454,0.14387435342619093,0.5796520699040024,0.09382564244428829,-0.6500385838025613,0.8576330924683373,0.17799706439322216,0.17685654456307348,0.10390518409239291
routine_hgb,school_nested,immigration_background,native,25034,3116,0.13233832405181511,0.180100792647332,0.5937598264454116,0.11337329066137515,-0.08594784178900106,1.0005650779584925,0.14422600672293087,0.21460512711583363,0.08893835981885204
routine_hgb,school_nested,immigration_background,immigrant,3765,777,0.20585904087890494,0.22885969437206638,0.534886943686632,0.16601747868398237,-0.7003976288536268,0.38129283814202813,0.16882680609112957,0.2602826136634564,0.13352610797702438
routine_hgb,school_nested,escs_weighted_tertile,low,9221,1551,0.174071136005217,0.21554721476658933,0.579989612265088,0.14270876621726392,-0.22887876732034526,0.7823213487585483,0.18963056012221446,0.22809121730906523,0.14471932506305915
routine_hgb,school_nested,escs_weighted_tertile,middle,9997,1388,0.1492357801380013,0.20249334908400496,0.5939491388318467,0.12510129506250936,0.08238452581346498,1.021097505692903,0.1529422196595087,0.2513214816192945,0.09081774991880381
routine_hgb,school_nested,escs_weighted_tertile,high,10157,1066,0.11087634837282896,0.1487233405615679,0.5677294832444082,0.09845571028010315,-0.4592864537869052,0.8754949018718913,0.10027238200180469,0.19164567022555462,0.05801245363863689
routine_hgb,region_iecv,sex,female,14663,2604,0.18888800523958946,0.24947741694738712,0.6048718552866847,0.15241936320419222,0.474322046236106,1.0860610581193473,0.1409375270967537,0.2836710717245539,0.09384604568546177
routine_hgb,region_iecv,sex,male,14925,1453,0.10323940950045454,0.13752836328970353,0.5763404162332851,0.09405868436971067,-0.719325952785756,0.818788500713637,0.17084513209738536,0.1662878473709033,0.10606878874569801
routine_hgb,region_iecv,immigration_background,native,25034,3116,0.13233832405181511,0.17499629639044942,0.5918855243356377,0.11364458345444245,-0.16479216756166504,0.9577648334894537,0.1465742198160807,0.2143921262768922,0.09047620794902847
routine_hgb,region_iecv,immigration_background,immigrant,3765,777,0.20585904087890494,0.22354854318047407,0.523284249008716,0.16636904242625755,-0.8257642586472649,0.30699193790686913,0.12892280520262103,0.2121260481927419,0.12511393698483822
routine_hgb,region_iecv,escs_weighted_tertile,low,9221,1551,0.174071136005217,0.2052191348379146,0.5740168093922828,0.1432083856013331,-0.34152834016401973,0.7149225699290802,0.178802749560467,0.20924913570089781,0.1487432558925177
routine_hgb,region_iecv,escs_weighted_tertile,middle,9997,1388,0.1492357801380013,0.20318758192663372,0.5914113244472806,0.12512861939499947,0.06692962902134221,1.0150875638681716,0.14900321303534209,0.25299711118443685,0.08789274563766628
routine_hgb,region_iecv,escs_weighted_tertile,high,10157,1066,0.11087634837282896,0.14372181106485746,0.5705591063260054,0.09865243533033723,-0.5257992941859914,0.8400908379947003,0.09463152726533701,0.18482694108272907,0.05676877041117042
expanded_logit,school_nested,sex,female,14663,2604,0.18888800523958946,0.38060500202480774,0.7232396723816592,0.1394501786349351,0.38530727492774314,1.0537450505962578,0.2661076618876159,0.4721032510884506,0.1064693905772439
expanded_logit,school_nested,sex,male,14925,1453,0.10323940950045454,0.2226285989757527,0.7076311456821014,0.08973890935605086,-0.5728322407573719,0.8798351140868185,0.2640479024693542,0.2911782595548088,0.09362014036504168
expanded_logit,school_nested,immigration_background,native,25034,3116,0.13233832405181511,0.2892422637477874,0.72523689992109,0.10549502335430465,-0.008001704506797106,1.0282100190781565,0.24236565580544928,0.37870673993775616,0.08469420085389535
expanded_logit,school_nested,immigration_background,immigrant,3765,777,0.20585904087890494,0.3461445580119815,0.667818444327402,0.15462817305301238,-0.08020967557775456,0.7818120697758705,0.30184882806811464,0.4080247890265105,0.15229052721227251
expanded_logit,school_nested,escs_weighted_tertile,low,9221,1551,0.174071136005217,0.3389546940294273,0.7101838229981232,0.13183209941168444,0.009827236212879972,0.9416848341845121,0.313904013630618,0.4134427965058402,0.1321624870745739
expanded_logit,school_nested,escs_weighted_tertile,middle,9997,1388,0.1492357801380013,0.2966597696724466,0.71506428321434,0.1175390243188519,-0.002456829393181193,0.9708316819258426,0.22738527760552824,0.36026482528165915,0.09419187473777657
expanded_logit,school_nested,escs_weighted_tertile,high,10157,1066,0.11087634837282896,0.2566519737816378,0.71802445401887,0.09189699097780842,-0.18976795554505566,0.9934496498157362,0.22959430453031995,0.3718575877112196,0.06845786918106517
expanded_logit,region_iecv,sex,female,14663,2604,0.18888800523958946,0.37933207611054964,0.7212571063774743,0.13956353524855022,0.34364440164971216,1.0329466328592856,0.2584526156700623,0.46531441605731433,0.10491529455829104
expanded_logit,region_iecv,sex,male,14925,1453,0.10323940950045454,0.22135714329793493,0.7070634993845561,0.08993689179897489,-0.5946677293778935,0.8702799284362509,0.26479153366996316,0.28729519231562656,0.09515272899789426
expanded_logit,region_iecv,immigration_background,native,25034,3116,0.13233832405181511,0.28608427318846774,0.7234669500680113,0.10574960986814862,-0.04915692872821035,1.007520952926542,0.23620978043900237,0.37163190164639387,0.08411443239791662
expanded_logit,region_iecv,immigration_background,immigrant,3765,777,0.20585904087890494,0.35128627680879565,0.6677418963106247,0.1542971868179894,-0.09105690602721707,0.7800442017849735,0.2980342264114378,0.3985680230659298,0.15393367367054472
expanded_logit,region_iecv,escs_weighted_tertile,low,9221,1551,0.174071136005217,0.3351996321379741,0.7079192879979945,0.13219465590027343,-0.02834522420597367,0.9206950815556397,0.3024969058511082,0.40197399835498343,0.1309934977263506
expanded_logit,region_iecv,escs_weighted_tertile,middle,9997,1388,0.1492357801380013,0.29587135149955957,0.7142827917297105,0.1176051144134876,-0.03874627393776213,0.9553666738978492,0.2340142147018312,0.3641475508853469,0.09590423939279831
expanded_logit,region_iecv,escs_weighted_tertile,high,10157,1066,0.11087634837282896,0.2561010455887642,0.7161652781847616,0.09200022481091143,-0.2161391095668431,0.9812641625482909,0.22005782387470965,0.3624974046197854,0.06730864174790623
expanded_hgb,school_nested,sex,female,14663,2604,0.18888800523958946,0.3846973763298046,0.7294667083835926,0.13722793414445297,0.20917824456533243,0.9696811663741446,0.29772571786235014,0.46772940830518756,0.12023365637691591
expanded_hgb,school_nested,sex,male,14925,1453,0.10323940950045454,0.25454282609520895,0.7319243550432508,0.08670830735676598,-0.3476346475437212,0.9887368139363236,0.2506666571372513,0.3232961188220556,0.08004636046542374
expanded_hgb,school_nested,immigration_background,native,25034,3116,0.13233832405181511,0.3213510065331129,0.742143405226136,0.10265915488338184,0.03568389405898613,1.0510431297960006,0.26841212520457286,0.4166412828368702,0.08525609983460748
expanded_hgb,school_nested,immigration_background,immigrant,3765,777,0.20585904087890494,0.36191760977406373,0.6820556565382856,0.15244049924153116,-0.11543567563885904,0.7806466484070468,0.31475473990987246,0.40933448186959137,0.15829379575839989
expanded_hgb,school_nested,escs_weighted_tertile,low,9221,1551,0.174071136005217,0.35710317921428697,0.7285005528553491,0.12899971598932622,0.062327174829302355,0.9770523913134523,0.30918769230931725,0.43505585029313115,0.12370975543220754
expanded_hgb,school_nested,escs_weighted_tertile,middle,9997,1388,0.1492357801380013,0.3195562854506447,0.7293603260306987,0.11534727940382596,-0.03250653198994415,0.9536697242718378,0.2615844156339236,0.3865057664068526,0.10100173847853787
expanded_hgb,school_nested,escs_weighted_tertile,high,10157,1066,0.11087634837282896,0.3023044463532989,0.7335418353384655,0.08898494066195337,-0.10860918796800995,1.0418036765512373,0.27309917437119446,0.4109693123185505,0.07368004931336992
expanded_hgb,region_iecv,sex,female,14663,2604,0.18888800523958946,0.3770436989546176,0.7281266074299942,0.13744938247488792,0.17601106734078964,0.9571280608002768,0.30585512475353677,0.47644653043403706,0.12125676380594358
expanded_hgb,region_iecv,sex,male,14925,1453,0.10323940950045454,0.25105872555623915,0.7287981614452717,0.08711293873634349,-0.3705804519318281,0.9759340650069136,0.25550696020160635,0.33374558999092085,0.07903741198554136
expanded_hgb,region_iecv,immigration_background,native,25034,3116,0.13233832405181511,0.31394120352947785,0.7405344616235623,0.10300846168974155,0.009719166714247517,1.0398873029561813,0.27393675216951663,0.4251809299907313,0.08526330350493738
expanded_hgb,region_iecv,immigration_background,immigrant,3765,777,0.20585904087890494,0.36230720721619775,0.6773983830681487,0.15291011478565295,-0.1586474758688014,0.7584801298750967,0.3211351715332921,0.41262430546919493,0.16021494014792484
expanded_hgb,region_iecv,escs_weighted_tertile,low,9221,1551,0.174071136005217,0.3561728639023059,0.727725895114615,0.1290367270592776,0.05624267847676453,0.9770771459028262,0.3175925923598426,0.44586068468089907,0.12399322308152368
expanded_hgb,region_iecv,escs_weighted_tertile,middle,9997,1388,0.1492357801380013,0.31230197308707397,0.7261841128147075,0.11558839437161904,-0.06732713027231861,0.9391955048709756,0.2710844486383495,0.40407443449221736,0.10011892790659396
expanded_hgb,region_iecv,escs_weighted_tertile,high,10157,1066,0.11087634837282896,0.2940082447817564,0.7332997435509636,0.08946669350856398,-0.1434688287639839,1.027158755064216,0.2721464689773201,0.40876034570296965,0.07381979935179758
