model,split,fold,fold_label,n,weighted_prevalence,auprc,auroc,brier,calibration_intercept,calibration_slope,recall_at_5pct_capacity,precision_at_5pct_capacity,selected_weight_fraction_at_5pct_capacity,recall_at_10pct_capacity,precision_at_10pct_capacity,selected_weight_fraction_at_10pct_capacity,recall_at_15pct_capacity,precision_at_15pct_capacity,selected_weight_fraction_at_15pct_capacity,recall_at_20pct_capacity,precision_at_20pct_capacity,selected_weight_fraction_at_20pct_capacity
routine_logit,school_nested,0,0,5922,0.13646321461561847,0.18299717283404565,0.5928090805289866,0.11656947188100183,-0.2618637007970233,0.890851106348794,0.0811196314596905,0.22139691354847246,0.04999999999999999,0.15157330441106953,0.20684180369846247,0.1,0.22667251902857993,0.20621640407773317,0.14999999999999994,0.2897528261813818,0.19770301052335956,0.19999999999999996
routine_logit,school_nested,1,1,5916,0.14891165081614768,0.21372056076494966,0.6086533317892754,0.12425332389743209,0.18465345114162743,1.0916605113378268,0.10030700132818471,0.29873762312395,0.05,0.17779140939227547,0.2647521227353329,0.1,0.2659334233158233,0.2640039004876578,0.15,0.3250484287841484,0.2420174906272129,0.19999999999999993
routine_logit,school_nested,2,2,5917,0.14894431298711716,0.19804749962900187,0.6008188243968803,0.1253058046191323,-0.17187013709099563,0.884471853688884,0.07750686961436191,0.23088414892986409,0.049999999999999996,0.17236955648510027,0.25673465170567344,0.10000000000000002,0.22662291807567028,0.22502796559944302,0.15,0.2869669771223922,0.2137104962874224,0.20000000000000004
routine_logit,school_nested,3,3,5917,0.145070640625177,0.2062398115209015,0.5844698453941222,0.12197073761351133,-0.15279802841745405,0.9256792357274645,0.10671921069100777,0.3096364852391548,0.04999999999999998,0.16012447746162284,0.23229360525129342,0.1,0.23368383602800077,0.22600442530887252,0.15000000000000005,0.30237176977872643,0.2193263317438418,0.2000000000000001
routine_logit,school_nested,4,4,5916,0.14717377057193964,0.192669169342785,0.6071609021722898,0.12403753913742988,-0.06313200061031007,0.9434900047017004,0.07704900109705098,0.22679184020509008,0.050000000000000024,0.1448164901254889,0.2131318889276227,0.09999999999999999,0.21277950122999204,0.20877040997623067,0.15,0.29306851039001053,0.2156599885499975,0.2000000000000001
routine_logit,region_iecv,0,Andalucía,1632,0.14525764758628684,0.18737496611674445,0.5990915346363679,0.12351533108283616,-0.4950689254778931,0.7390578608336249,0.07629367085260667,0.2216447830754421,0.05,0.11835735163671623,0.17192310473292355,0.10000000000000002,0.21794688714983615,0.2110563475075942,0.15000000000000002,0.2914144374563789,0.21165087828797352,0.20000000000000004
routine_logit,region_iecv,1,Aragón,1393,0.13393413220945374,0.20271014323001743,0.5989834721841303,0.11400792838962266,-0.03838275317231686,1.048544331624513,0.11509048988769455,0.3082908977733855,0.050000000000000024,0.16582640131693804,0.22209815157800714,0.10000000000000002,0.23825956085682534,0.21274058349309616,0.15000000000000005,0.28576329691807717,0.1913672959501757,0.19999999999999996
routine_logit,region_iecv,2,Asturias,1687,0.1453318157024315,0.1993665478160166,0.603710809697223,0.12262361044281854,-0.14048383631986974,0.9092897375859205,0.06934511579514262,0.2015610317720688,0.05,0.1679749277338864,0.2441210124005043,0.1,0.2502167716190911,0.24242971825735435,0.14999999999999997,0.34378416364578673,0.24981388356192027,0.1999999999999999
routine_logit,region_iecv,3,Baleares,1546,0.12181045227358567,0.16598837924876528,0.5947058094976986,0.106641837624997,-0.4633461590582462,0.8533744226987152,0.08248794895184686,0.20095788737889825,0.05000000000000001,0.12819309352190425,0.15615258700253226,0.09999999999999999,0.20582460649321116,0.16714392270647235,0.14999999999999997,0.27231594032498135,0.16585463926146377,0.19999999999999996
routine_logit,region_iecv,4,Canarias,1478,0.17190796929891455,0.22918247146772003,0.576980622936578,0.14103155489610714,-0.09262272073193044,0.8384299199012476,0.09088432629108567,0.3124747994760098,0.049999999999999996,0.14814622678325742,0.2546751700560625,0.1,0.22659278747997733,0.2596873730230895,0.14999999999999997,0.29353537570501337,0.2523053517742139,0.2
routine_logit,region_iecv,5,Cantabria,1653,0.1557120978917798,0.22821036828542388,0.613349313533183,0.12860924162878573,0.30105039000672024,1.1179102232680653,0.108080312401668,0.33658824369725343,0.049999999999999996,0.18009624965921567,0.2804316485687821,0.09999999999999998,0.25475203461459084,0.26445315834691485,0.15000000000000008,0.3187735248370746,0.24818447152369127,0.20000000000000004
routine_logit,region_iecv,6,Castilla - La Mancha,1513,0.15435313159757238,0.1842978662154401,0.5880134544260838,0.1305814017854608,-0.5858203274865228,0.6344532278042911,0.05531868067591429,0.17077223196346966,0.05,0.12432616593014242,0.191901330508369,0.09999999999999998,0.20609295561506424,0.2120739539958978,0.14999999999999994,0.27071363664328457,0.2089274879102916,0.19999999999999993
routine_logit,region_iecv,7,Castilla y León,1696,0.11189787463709054,0.1539343411074465,0.581069422426393,0.0995803987676768,-0.5464349966828409,0.8585557838227292,0.09453960652781902,0.2115756207897952,0.05,0.15544879124969677,0.1739438935574582,0.10000000000000003,0.2311780760108065,0.17245556912200674,0.15000000000000002,0.32671184543536747,0.18279180561489625,0.2
routine_logit,region_iecv,8,Cataluña,1526,0.1320915711420154,0.20590167506746834,0.6107306768172238,0.11200716093610447,0.4930594090706105,1.3421857001710258,0.12214027589740915,0.3226740188601602,0.049999999999999996,0.18289623953942222,0.2415905163672867,0.10000000000000002,0.25867709305496794,0.22779375760053355,0.15,0.3287137524275131,0.21710158007068842,0.2
routine_logit,region_iecv,9,Ceuta,340,0.1602099367879011,0.1588588368126978,0.5150564259343335,0.13747587816937404,-1.6894942568339728,-0.018979325628459928,0.018778444825681192,0.06016986916994946,0.04999999999999999,0.024827098995035827,0.03977547960621653,0.09999999999999999,0.12536160846711436,0.13389450245430667,0.15,0.13207049754591077,0.10579503031688506,0.19999999999999998
routine_logit,region_iecv,10,Comunidad Valenciana,1596,0.16762050918742502,0.230966374951169,0.5921366857299264,0.13759267862878963,0.12017830246977268,0.9672861219895701,0.08845157262686346,0.29652595284286715,0.049999999999999996,0.17342250192027148,0.290691680764331,0.10000000000000002,0.22738022987202958,0.2540905994020222,0.15000000000000005,0.28105766592323606,0.23555514536541014,0.19999999999999998
routine_logit,region_iecv,11,Extremadura,1646,0.11548050095597517,0.15533207622537723,0.5661059923606444,0.10246527503014426,-0.6862535594667849,0.7514972797647448,0.0933507353117904,0.21560379356828394,0.05,0.15589490885396468,0.18002822170941932,0.09999999999999999,0.19456346136673944,0.14978857324239725,0.15000000000000002,0.24975000292630406,0.1442062772584293,0.2
routine_logit,region_iecv,12,Galicia,1752,0.17179822309700202,0.2095510109292875,0.5747464590533011,0.1423672173864333,-0.30661345667998774,0.6886453310998175,0.07322856880917741,0.25161076002706445,0.05,0.12175432654621307,0.20917176955011543,0.10000000000000002,0.20946518016834695,0.23990497169076924,0.15000000000000002,0.2518180419895433,0.21630946078784885,0.20000000000000004
routine_logit,region_iecv,13,La Rioja,1366,0.1208221436487346,0.1612940719834437,0.6009751835655653,0.1060894336931824,-0.4012268674991231,0.8923414816994657,0.07593406575101991,0.1834903320000437,0.05,0.17479507646113643,0.2111911583727897,0.1,0.25842873924066406,0.20815942836997928,0.15,0.3129742355212944,0.1890710902125336,0.2
routine_logit,region_iecv,14,Madrid,2035,0.15779798886730753,0.22900333533855727,0.6122388683299574,0.13022388039238092,0.5015148177096267,1.2148133178837013,0.09073977718560115,0.2863710870031092,0.04999999999999998,0.17834531220237554,0.2814253158944695,0.09999999999999996,0.25848273873326166,0.271920375526816,0.14999999999999994,0.3162400387588811,0.24951021057735429,0.19999999999999987
routine_logit,region_iecv,15,Melilla,247,0.17188497345922976,0.20116143546572623,0.5561404128707881,0.14401324065403404,-0.8999368457353674,0.3892956372442498,0.049141900427207896,0.1689350850133348,0.05000000000000001,0.14743173126533396,0.2534129921559022,0.10000000000000003,0.18185334509509066,0.20838571596761205,0.15000000000000002,0.2562531479255869,0.2202303276501679,0.20000000000000004
routine_logit,region_iecv,16,Murcia,1604,0.15582566896340327,0.21062250601898252,0.6050149776373146,0.12956234590915147,-0.04140742948964564,0.9477504843604622,0.07041815581539712,0.21945912474206838,0.05000000000000001,0.13547322472986859,0.2111020587016123,0.10000000000000003,0.21942088895085865,0.22794271203541452,0.14999999999999997,0.2781990543683868,0.2167527687597004,0.19999999999999998
routine_logit,region_iecv,17,Navarra,1761,0.11541166527039916,0.14055475783495247,0.5787319292596502,0.10275428982236949,-0.799597195140782,0.6764746299900917,0.06343472739050325,0.14642215048223559,0.050000000000000024,0.12779967964276556,0.14749573848595102,0.10000000000000002,0.23873226123005936,0.1836832521488607,0.15,0.290201389927494,0.1674631283765826,0.2
routine_logit,region_iecv,18,País Vasco,3117,0.1121177327833601,0.17521681255322907,0.6175368636960539,0.09809354941127404,0.2512165187707398,1.2882957390775736,0.123363787418099,0.2766253630577132,0.05000000000000002,0.22408847968173606,0.2512429228478629,0.10000000000000003,0.27603034674536486,0.2063193110433004,0.14999999999999994,0.3102542160225016,0.17392499643460857,0.19999999999999998
routine_hgb,school_nested,0,0,5922,0.13646321461561847,0.17141068583552987,0.5863222702159788,0.11686452996276352,-0.322377088904097,0.8535934004519445,0.07554230945711508,0.20617492776011526,0.04999999999999999,0.13967905447897885,0.19061052788671548,0.10000000000000003,0.20318587817802922,0.18484932067114207,0.15,0.27800757711497864,0.18968903830304715,0.2
routine_hgb,school_nested,1,1,5916,0.14891165081614768,0.20826472463291848,0.6000207793900648,0.12461938634683763,0.0072713700347976085,0.9926620003877453,0.08931802605557446,0.2660098941515057,0.049999999999999996,0.18984578565202467,0.2827024934193153,0.09999999999999995,0.25560650476148156,0.2537519105558517,0.1499999999999999,0.3159507872762501,0.23524376654983967,0.19999999999999993
routine_hgb,school_nested,2,2,5917,0.14894431298711716,0.1952328523503904,0.5981393258627281,0.12495979906744017,0.017858451809764864,0.9956100400090512,0.08065317412622884,0.24025663220922966,0.050000000000000024,0.16205251663050893,0.2413680075736452,0.10000000000000005,0.22005797757124856,0.2185092285778937,0.15,0.2942041839123644,0.2191002002538129,0.19999999999999998
routine_hgb,school_nested,3,3,5917,0.145070640625177,0.21032660742330045,0.5834838810643184,0.12230892485861344,-0.24566719726278902,0.8715389827895407,0.10668394843782869,0.30953417488598317,0.05,0.1589751126588456,0.2306262143687842,0.09999999999999999,0.22589384926012626,0.21847043616969122,0.15,0.286033351424625,0.20747520765668365,0.2
routine_hgb,school_nested,4,4,5916,0.14717377057193964,0.1949718292842887,0.6132021017916505,0.12377640094656558,0.21827704386593566,1.1025137405757905,0.08066469953628459,0.2374345596561519,0.05,0.14347540894378202,0.2111581691860739,0.1,0.21992473679509128,0.2157810183744998,0.15000000000000002,0.2997516446855428,0.22057789891755816,0.20000000000000007
routine_hgb,region_iecv,0,Andalucía,1632,0.14525764758628684,0.17922182904350903,0.5844812696891758,0.12385560410478699,-0.6504472471940286,0.6488521626954971,0.07187595687083445,0.2088106482614165,0.04999999999999999,0.12999288303594056,0.1888246039276006,0.1,0.20588887167780806,0.19937955442742192,0.14999999999999997,0.2542073340474926,0.18462779671460092,0.19999999999999996
routine_hgb,region_iecv,1,Aragón,1393,0.13393413220945374,0.1758101525652563,0.59163407874204,0.11502859648215986,-0.2559749893861157,0.9189671294398118,0.08959641491897254,0.2400003616250149,0.04999999999999999,0.1547706141463318,0.20729067897213163,0.09999999999999998,0.21116042999470294,0.1885439263221043,0.15,0.2622997216395281,0.17565442798285738,0.19999999999999996
routine_hgb,region_iecv,2,Asturias,1687,0.1453318157024315,0.19761789979154662,0.600985587205832,0.12228940038197286,0.2319346761775814,1.1225470442711698,0.08146915140546464,0.23680119394984953,0.05,0.173667378620584,0.2523939546321111,0.1,0.2558247822181515,0.2478632006762872,0.15,0.3060586749774074,0.22240031472973482,0.2
routine_hgb,region_iecv,3,Baleares,1546,0.12181045227358567,0.16663185645488882,0.5933645297119472,0.10662451824557842,-0.490048012838919,0.835860593331279,0.07771647920389675,0.18933358961874755,0.05000000000000001,0.13847140131215052,0.1686726402079024,0.09999999999999999,0.20649122899489097,0.1676852666293081,0.15000000000000002,0.27329858338723695,0.166453120240648,0.19999999999999998
routine_hgb,region_iecv,4,Canarias,1478,0.17190796929891455,0.22401145660257188,0.573447413011644,0.14127940195995545,-0.2231321002882023,0.763422054639768,0.07634245471116995,0.26247752721383155,0.05,0.14867998203591584,0.25559273787193393,0.09999999999999999,0.21873963085841167,0.25068723830709166,0.14999999999999997,0.27107701324412137,0.2330014943520594,0.19999999999999998
routine_hgb,region_iecv,5,Cantabria,1653,0.1557120978917798,0.23105388238234872,0.6122484511616466,0.12846702727348977,0.5787564026860363,1.2766570444887226,0.10929931462048567,0.3403845115537901,0.049999999999999996,0.17725373020980797,0.27600550190112744,0.10000000000000002,0.24630130047558493,0.2556806147368463,0.15000000000000005,0.3255460239687993,0.2534572717625468,0.20000000000000004
routine_hgb,region_iecv,6,Castilla - La Mancha,1513,0.15435313159757238,0.18186213883151836,0.5863003674703918,0.13023844117604502,-0.5158773418271569,0.6756084931237495,0.04663937163798889,0.14397866136133172,0.049999999999999996,0.12727441779932852,0.19645204959584164,0.1,0.18699065435195386,0.1924172871913554,0.15,0.2603959668491025,0.2009646646926831,0.19999999999999998
routine_hgb,region_iecv,7,Castilla y León,1696,0.11189787463709054,0.14562690519306276,0.5723210211588052,0.09984865017283735,-0.550287015515168,0.8568887771035962,0.07258241648636667,0.16243636281697105,0.04999999999999999,0.14307026033245718,0.160092580549772,0.10000000000000003,0.22555165104143812,0.16825833581615757,0.15000000000000002,0.2897412169599473,0.16210713186291115,0.20000000000000004
routine_hgb,region_iecv,8,Cataluña,1526,0.1320915711420154,0.20966190409271104,0.6095005912440628,0.11241999342256408,0.46986074564585495,1.3214765357087235,0.08431375129327212,0.22274271754410893,0.05,0.16411029008712702,0.2167758605818052,0.10000000000000002,0.2523834450979066,0.22225150528811372,0.15000000000000002,0.3066693656024244,0.2025421916177468,0.20000000000000004
routine_hgb,region_iecv,9,Ceuta,340,0.1602099367879011,0.17665366773135305,0.5274438949771072,0.13570746607838752,-1.0783085260987628,0.334071044407527,0.037296726224496715,0.11950612301644543,0.049999999999999996,0.0745748277741395,0.119476284436635,0.1,0.15364320756944036,0.1641011238172694,0.15,0.19035267451494947,0.15248194975723983,0.19999999999999998
routine_hgb,region_iecv,10,Comunidad Valenciana,1596,0.16762050918742502,0.21276189052695665,0.5837570352726033,0.13837414932101738,0.09394644131000665,0.9607562284678249,0.0830478665960482,0.278410513715179,0.04999999999999998,0.15301518525332522,0.2564848326557056,0.09999999999999994,0.23140263337937975,0.25858551489575116,0.15,0.2740917344669521,0.2297169804770751,0.19999999999999996
routine_hgb,region_iecv,11,Extremadura,1646,0.11548050095597517,0.15741483364296954,0.5738633744123314,0.10201020732801436,-0.4674100149077303,0.869927421726075,0.10464494233807632,0.24168900727420378,0.05,0.16569646782517147,0.19134711111086417,0.10000000000000003,0.26059548747950767,0.20062464960666732,0.15000000000000002,0.2997630689618113,0.1730839468590525,0.19999999999999998
routine_hgb,region_iecv,12,Galicia,1752,0.17179822309700202,0.21913073304134112,0.5822588199946015,0.14199075320566015,-0.14300696002516206,0.7733956419349207,0.09228384542673557,0.3170840132974313,0.05,0.15255055783863788,0.26207914769134416,0.1,0.18952943717190485,0.2170721368713875,0.15000000000000005,0.27347457190543834,0.234912227577838,0.20000000000000004
routine_hgb,region_iecv,13,La Rioja,1366,0.1208221436487346,0.17832549752242421,0.6081218700644901,0.10497569112662669,-0.008528936731407952,1.1089587487209265,0.07496847349224399,0.1811570334681251,0.05,0.1639709499205499,0.1981132166552014,0.10000000000000003,0.2782192603378166,0.22410031625586907,0.15,0.3532195810517332,0.21338373480689174,0.20000000000000007
routine_hgb,region_iecv,14,Madrid,2035,0.15779798886730753,0.22465201532105294,0.6092310823621396,0.130641825666689,0.929123721531242,1.4617538479251344,0.08869173962972171,0.2799075628542593,0.05,0.18577883160884134,0.29315526001993336,0.10000000000000003,0.22772396900290537,0.2395625621702636,0.15000000000000002,0.2815652788758004,0.22215217370731946,0.2
routine_hgb,region_iecv,15,Melilla,247,0.17188497345922976,0.22314191752209062,0.5654462370671789,0.1418410887728648,-0.34830426663053504,0.705531049243766,0.08877308141292373,0.30517517485108875,0.05,0.18453032895424953,0.3171799069472412,0.1,0.1948624307642372,0.22329282493407943,0.15,0.24276160041055808,0.20863535621744458,0.2
routine_hgb,region_iecv,16,Murcia,1604,0.15582566896340327,0.2081295613213891,0.5975723740507279,0.12962613080924212,0.12800138611590664,1.0424403295606566,0.07022382335840086,0.21885348503981353,0.05000000000000001,0.14869985115286732,0.23171253780654041,0.10000000000000002,0.21133286921099229,0.2195405714583885,0.15000000000000002,0.26219300101513227,0.2042819989035262,0.2000000000000001
routine_hgb,region_iecv,17,Navarra,1761,0.11541166527039916,0.14173664873399783,0.5819817749414318,0.1022469038243629,-0.4041595016910928,0.8999912687408494,0.06780186337788392,0.1565025192175535,0.049999999999999996,0.13787082820240024,0.15911901875048123,0.1,0.20898011250958148,0.16079161862084115,0.15,0.2662009598924863,0.15361348038885292,0.2
routine_hgb,region_iecv,18,País Vasco,3117,0.1121177327833601,0.17511424005796428,0.6225005488324303,0.09818249392463138,0.20567585103596228,1.2566733176226117,0.1251114228553676,0.28054418151688154,0.05,0.22465398152460858,0.2518769506929398,0.1,0.2765697864249115,0.206722516068928,0.15,0.3212716900685774,0.1801012674898362,0.2
expanded_logit,school_nested,0,0,5922,0.13646321461561847,0.27263441221409834,0.7130940048806853,0.11001812638298085,-0.10077389206296382,0.9748476289379261,0.13929726700974265,0.3801790568663923,0.05000000000000002,0.2460445856787751,0.33576035100493606,0.10000000000000002,0.3212617738121209,0.29226942925011784,0.1500000000000002,0.42452285979598753,0.28965877062787937,0.2000000000000003
expanded_logit,school_nested,1,1,5916,0.14891165081614768,0.32058682185541726,0.7281839050141157,0.11556719543785927,0.03957834793728445,1.0173294064311145,0.14605524325845956,0.43498654767942474,0.05,0.2656019605779289,0.3955122640966478,0.09999999999999999,0.3795236473006684,0.37676995228871907,0.1500000000000002,0.4497553728807337,0.33486907519550996,0.20000000000000037
expanded_logit,school_nested,2,2,5917,0.14894431298711716,0.3125717628594922,0.7173392798458956,0.11612606633613201,-0.024998451041452433,0.9670856816905116,0.15231776323372842,0.4537372920116409,0.05000000000000002,0.2541332678726503,0.37851704990462903,0.10000000000000002,0.34877868452820654,0.346324010344028,0.15,0.4272277110074757,0.3181656895253348,0.20000000000000046
expanded_logit,school_nested,3,3,5917,0.145070640625177,0.3037172047554498,0.7115167762471056,0.11461515935443159,-0.1708459811097398,0.9070569697835797,0.13709422692819728,0.3977669465297394,0.05,0.2903270002434979,0.421179239161101,0.10000000000000014,0.3658650090924618,0.35384180834253093,0.15,0.42603239139611077,0.30902395973454955,0.2000000000000001
expanded_logit,school_nested,4,4,5916,0.14717377057193964,0.3123796059832569,0.7250438703397919,0.11465149479711705,0.11239272191246114,1.0442578380498932,0.1373966942267361,0.4044237910693722,0.04999999999999999,0.25683688923007103,0.3779965340995716,0.09999999999999999,0.3530323739226248,0.3463807040277036,0.15000000000000016,0.4506942352934044,0.33165184991583635,0.20000000000000004
expanded_logit,region_iecv,0,Andalucía,1632,0.14525764758628684,0.2995409836820005,0.7106816142743084,0.11485023920095655,-0.13214249031287223,0.9213150301707175,0.13955982654923865,0.4054426420418525,0.05,0.24538126945167454,0.35643505962287014,0.10000000000000006,0.33948753286394845,0.3287544027245958,0.1500000000000001,0.4439774644041313,0.3224556103033424,0.2000000000000001
expanded_logit,region_iecv,1,Aragón,1393,0.13393413220945374,0.3276808197151661,0.7515838140080955,0.10401546043477905,0.2140653133085974,1.1683591031662501,0.16362102894837827,0.43828881046837914,0.04999999999999999,0.2894985834210653,0.38773741546366547,0.09999999999999998,0.3577210295687112,0.3194070377890514,0.14999999999999994,0.45040368089027927,0.3016221307199166,0.19999999999999987
expanded_logit,region_iecv,2,Asturias,1687,0.1453318157024315,0.30899736175897174,0.7355279256594469,0.11369547644659747,0.16060405471933759,1.0398416658001803,0.13690994868412779,0.3979474285998203,0.05,0.28277488707451415,0.41096187773589177,0.09999999999999999,0.375951908698791,0.36425182338660034,0.15,0.4579936775554348,0.3328052636968265,0.2
expanded_logit,region_iecv,3,Baleares,1546,0.12181045227358567,0.2868579486636108,0.726160159759122,0.0990468897404216,-0.1778212627059727,1.0386931579186849,0.16404979628707192,0.39965959762235637,0.05000000000000002,0.28967852215943773,0.3528587179818501,0.10000000000000003,0.3547774870080637,0.2881040409929228,0.14999999999999997,0.4350939344711801,0.2649949446971415,0.19999999999999996
expanded_logit,region_iecv,4,Canarias,1478,0.17190796929891455,0.38480347654693875,0.7305933705266359,0.12655681363454896,0.17925320677196388,1.0666793398664414,0.16504304794071262,0.5674443043678263,0.04999999999999999,0.27609061088191916,0.47462176259207506,0.10000000000000005,0.35434438629207493,0.40609749253293825,0.15000000000000002,0.4415350552222641,0.37951697358771763,0.2
expanded_logit,region_iecv,5,Cantabria,1653,0.1557120978917798,0.3416014507531482,0.7450483877457611,0.11894211991397159,0.2599808987237338,1.0516693236318313,0.12340601728106379,0.38431619686607343,0.05000000000000001,0.26930309421800025,0.4193374976943245,0.10000000000000002,0.3697508977099126,0.38383125319852895,0.15000000000000008,0.4743928938238485,0.3693435636113188,0.20000000000000012
expanded_logit,region_iecv,6,Castilla - La Mancha,1513,0.15435313159757238,0.29725290293221185,0.7014597304918679,0.12215870402574805,0.018394985172407983,0.9212719650219756,0.14107971131782984,0.43552190493577014,0.05000000000000001,0.2552102082264231,0.3939249485541694,0.1,0.30464238809120986,0.31348337746160837,0.14999999999999994,0.3695610940796765,0.2852145609391159,0.19999999999999984
expanded_logit,region_iecv,7,Castilla y León,1696,0.11189787463709054,0.2434948699810271,0.7096342121098084,0.09385229347613605,-0.32342194641603106,0.9278965546839494,0.15205376137653362,0.3402898545721887,0.05000000000000002,0.3145656743767916,0.3519923039654607,0.1,0.3688710056401288,0.275172543642511,0.15000000000000002,0.4322099376657636,0.2418168671091417,0.19999999999999998
expanded_logit,region_iecv,8,Cataluña,1526,0.1320915711420154,0.2699767697186745,0.7052073664430819,0.10992493216090674,-0.5155395033560789,0.8796682616624332,0.13777756823110904,0.3639851091154684,0.05,0.23595939862864262,0.3116824769058253,0.09999999999999996,0.3621510966519163,0.31891404898370346,0.1499999999999999,0.41573491881640917,0.27457539302528844,0.20000000000000007
expanded_logit,region_iecv,9,Ceuta,340,0.1602099367879011,0.40959542399900006,0.7485994829490384,0.11875926633235595,0.10073288171860426,1.0912044977923265,0.1299217740375292,0.41629518411849037,0.05000000000000001,0.26451246305039117,0.42377524984915194,0.1,0.3659861520886293,0.3908974552757764,0.15,0.4470818277417792,0.3581347568076488,0.19999999999999993
expanded_logit,region_iecv,10,Comunidad Valenciana,1596,0.16762050918742502,0.36874715572022887,0.7227079009471596,0.12608465570793476,0.2780362887917797,1.033682402980018,0.14536185260009005,0.48731255498509046,0.04999999999999999,0.2765320349612582,0.46352440506840936,0.09999999999999998,0.3602872757450366,0.4026102440942214,0.15000000000000008,0.46086822235920794,0.38625483050076936,0.19999999999999996
expanded_logit,region_iecv,11,Extremadura,1646,0.11548050095597517,0.2064304744653447,0.6885646844408909,0.09997656299271448,-0.5840331559710524,0.7491361765287696,0.11099444590578082,0.2563538843306091,0.049999999999999996,0.21026642330802786,0.2428167189783218,0.10000000000000003,0.30311434315920277,0.23335864129977407,0.14999999999999997,0.41306586768460807,0.2385052666401657,0.19999999999999982
expanded_logit,region_iecv,12,Galicia,1752,0.17179822309700202,0.3592985631299746,0.7296282820425163,0.12914876791854596,0.2614406394998668,1.053351302463314,0.14371548731008146,0.49380130702783476,0.05,0.26550152258942383,0.4561268981041156,0.09999999999999998,0.3345263733725081,0.3831402434965408,0.15000000000000005,0.4309869285982257,0.37021394255604795,0.20000000000000018
expanded_logit,region_iecv,13,La Rioja,1366,0.1208221436487346,0.2558094110810482,0.7312411955681533,0.0996367366084248,-0.06100266113997035,1.0215612719185199,0.10679381104184411,0.25806114356987003,0.050000000000000024,0.2602225316475029,0.3144064409935196,0.10000000000000007,0.351613862139441,0.283218270401986,0.15000000000000002,0.4393745366752394,0.2654308669288601,0.19999999999999987
expanded_logit,region_iecv,14,Madrid,2035,0.15779798886730753,0.33117476296625414,0.7391401049309705,0.12141378830633362,0.4129026048508804,1.0991269496089635,0.12075380692910202,0.38109415762966925,0.049999999999999954,0.274399116044997,0.4329962865886749,0.09999999999999995,0.3899011702546831,0.4101708034879908,0.15000000000000013,0.44876177486268015,0.3540685277692714,0.20000000000000023
expanded_logit,region_iecv,15,Melilla,247,0.17188497345922976,0.3155577011952079,0.6271789744185124,0.13825224412258444,-0.6093056433862095,0.5710617324209486,0.18015924858070628,0.6193333532145896,0.049999999999999996,0.2409703734840347,0.41419186250763995,0.09999999999999998,0.2661196265444707,0.30494643297050994,0.15,0.31683118654949644,0.2722926004555824,0.19999999999999996
expanded_logit,region_iecv,16,Murcia,1604,0.15582566896340327,0.37592610258867787,0.7332794310607966,0.11736642733971407,0.2652503257083991,1.094752612993873,0.15785516836228142,0.4919577441876629,0.05000000000000002,0.28176646778671044,0.4390644833431938,0.09999999999999999,0.35806674225265156,0.37197326430044,0.1499999999999998,0.44911133956812616,0.34991537463626765,0.19999999999999968
expanded_logit,region_iecv,17,Navarra,1761,0.11541166527039916,0.2488166990843436,0.7159072461458255,0.09616821695764943,-0.18369286213808791,0.999384111890874,0.1156012282338485,0.26683460515543866,0.050000000000000024,0.2737954108518794,0.31599184309808515,0.1,0.3657992281311429,0.28144998715494557,0.15000000000000002,0.43239694650058175,0.2495182582673387,0.20000000000000037
expanded_logit,region_iecv,18,País Vasco,3117,0.1121177327833601,0.29545545898890907,0.7522159392125856,0.09085166472844021,0.007176396999105215,1.210336783848165,0.19216894471591486,0.43091092785838503,0.049999999999999975,0.315138249898369,0.3533258609192108,0.10000000000000003,0.41198448708213264,0.30793844422376143,0.15,0.4972861419495885,0.2787729738998602,0.19999999999999998
expanded_hgb,school_nested,0,0,5922,0.13646321461561847,0.283478524638524,0.7283708646395115,0.10878995419888542,-0.16180275487623827,0.9389765845654285,0.12870052542848434,0.35125774845380237,0.05,0.26338453194002476,0.35942299908565806,0.10000000000000002,0.3632854371320981,0.3305006571605753,0.14999999999999994,0.4507253847007987,0.30753717452566126,0.20000000000000012
expanded_hgb,school_nested,1,1,5916,0.14891165081614768,0.349705747414144,0.7440233143210426,0.11236582238111999,0.1282022385964613,1.0829471651306468,0.16098116075851276,0.4794394079769957,0.05000000000000002,0.2912500212433067,0.43370521463578876,0.10000000000000003,0.3937930115258047,0.3909357828411323,0.15000000000000002,0.48274506126417105,0.3594318199809501,0.20000000000000012
expanded_hgb,school_nested,2,2,5917,0.14894431298711716,0.34709309017075396,0.7393208513966802,0.1130078938090127,0.05792282009227826,1.0145338841887412,0.15584505816973504,0.46424470243057003,0.04999999999999999,0.27493007316543994,0.40949270867124254,0.10000000000000012,0.39981374479942294,0.3969998902797105,0.15000000000000016,0.46746266960384997,0.34812953085634507,0.20000000000000046
expanded_hgb,school_nested,3,3,5917,0.145070640625177,0.32994651485383086,0.7205679040361387,0.11216957365824277,-0.12164581009728696,0.9255511964232453,0.15777047899532556,0.45775728919185826,0.049999999999999996,0.297320202666798,0.4313243227167981,0.10000000000000009,0.37137823078530396,0.3591738523617922,0.1500000000000001,0.4478545994012547,0.3248527682103603,0.1999999999999999
expanded_hgb,school_nested,4,4,5916,0.14717377057193964,0.34188184827401824,0.7456593426161785,0.1118466664043737,0.08400172118882247,1.0335402793584223,0.1482846205534106,0.4364721344934956,0.05,0.27420103241396565,0.4035519983508193,0.1000000000000001,0.38954382977755325,0.38220422820930866,0.1500000000000001,0.4799504459053485,0.3531805840578693,0.20000000000000012
expanded_hgb,region_iecv,0,Andalucía,1632,0.14525764758628684,0.3189952569508141,0.7208053097229203,0.11281106077001639,-0.08530615349273833,0.9365823539263857,0.1481920417261922,0.4305205474431108,0.05,0.2931314939639103,0.42579591246651444,0.10000000000000002,0.3717586529280494,0.36000524929450195,0.1500000000000001,0.4232136196813093,0.3073750741069221,0.20000000000000012
expanded_hgb,region_iecv,1,Aragón,1393,0.13393413220945374,0.3631134263149621,0.7817232115286299,0.10031523780706932,0.3072653306105342,1.2260851426362966,0.16677598835371155,0.44673994547056634,0.05000000000000001,0.329191324007686,0.4408995431185055,0.09999999999999999,0.4572101370215017,0.40824028626226855,0.15,0.5059594429513146,0.3388261946243148,0.19999999999999996
expanded_hgb,region_iecv,2,Asturias,1687,0.1453318157024315,0.35508511640225915,0.7448674752401644,0.10971181016833867,0.3177511791374828,1.1359941136766134,0.18096309837855698,0.5259939132498685,0.05,0.30883026580110584,0.44882863272739265,0.09999999999999996,0.4061859897141223,0.39354498265361715,0.14999999999999997,0.46818685905764734,0.3402122315743315,0.19999999999999993
expanded_hgb,region_iecv,3,Baleares,1546,0.12181045227358567,0.2747151090212475,0.7441481804595275,0.0981443319093922,-0.1854781182052171,1.0305419023631763,0.15385716818354622,0.37482822483941813,0.04999999999999999,0.2788986366475881,0.3397276906852915,0.09999999999999999,0.41039320509334387,0.3332678794828443,0.14999999999999994,0.48382015596272654,0.2946717600844824,0.19999999999999998
expanded_hgb,region_iecv,4,Canarias,1478,0.17190796929891455,0.4280629377401118,0.7556851401073551,0.12246578889926839,0.19386294474412052,1.0773733937960264,0.15279415380653152,0.525330654032537,0.05,0.2844629334151184,0.4890144522420531,0.10000000000000009,0.3887502543861077,0.4455284453063485,0.1499999999999999,0.48150579888911027,0.4138734204633925,0.19999999999999998
expanded_hgb,region_iecv,5,Cantabria,1653,0.1557120978917798,0.3607677916814158,0.7604293601609953,0.11590417387956521,0.39638004322483456,1.1364674476081733,0.1408761473108615,0.43872240881371327,0.04999999999999999,0.28407870078148517,0.44234490465056264,0.09999999999999995,0.41095161875903885,0.4266009245932855,0.15,0.5121243997218657,0.39871982331130057,0.20000000000000004
expanded_hgb,region_iecv,6,Castilla - La Mancha,1513,0.15435313159757238,0.3226058039682683,0.7104535188974866,0.12065805993411927,-0.015661530727449177,0.8936790229954414,0.14105451359621052,0.4354441179909488,0.05000000000000001,0.25627802893491347,0.3955731632575717,0.1,0.3133968979984609,0.32249195092684935,0.15,0.3930164248668436,0.3033165797373968,0.1999999999999999
expanded_hgb,region_iecv,7,Castilla y León,1696,0.11189787463709054,0.2819215196073224,0.7254656830657487,0.09083347585003744,-0.18886900629196995,1.005318887227038,0.18131016757217347,0.4057644480284188,0.05000000000000002,0.3261436438232289,0.3649478057021556,0.10000000000000005,0.40879376004436524,0.3049543527591283,0.15000000000000005,0.48266774121522843,0.27004747198934625,0.20000000000000012
expanded_hgb,region_iecv,8,Cataluña,1526,0.1320915711420154,0.2874210673492132,0.7217922828729632,0.10881362525111601,-0.5301623880876034,0.8854540306476951,0.14257071043801295,0.3766477828118093,0.049999999999999996,0.2623471613021002,0.34653848721042163,0.09999999999999996,0.3715256209594076,0.32716935328027363,0.14999999999999997,0.44076161153830995,0.29110446883590996,0.2000000000000001
expanded_hgb,region_iecv,9,Ceuta,340,0.1602099367879011,0.47697921307294877,0.8052163163621847,0.1092808092911811,0.5020923783731254,1.3618945499167223,0.2094484372384543,0.6711144178059486,0.05,0.3942960652813479,0.6317014769444288,0.09999999999999999,0.4185556355123195,0.44704514605098994,0.15,0.5064997787155819,0.4057314876555465,0.19999999999999996
expanded_hgb,region_iecv,10,Comunidad Valenciana,1596,0.16762050918742502,0.37678701154290334,0.7322286224405665,0.12418526845829654,0.25490552794522375,1.0390974939924928,0.1558423975618915,0.5224476406462675,0.05000000000000001,0.27644366543694465,0.46337627962178846,0.09999999999999998,0.3987128342764874,0.44554965533990815,0.15000000000000002,0.4696665380950019,0.39362872131889715,0.19999999999999987
expanded_hgb,region_iecv,11,Extremadura,1646,0.11548050095597517,0.26158598416791407,0.7192958481261508,0.09491218260161409,-0.20224394886771818,0.9444137086233051,0.1526624706926792,0.3525907718553494,0.04999999999999999,0.28655526584878555,0.33091545651790405,0.09999999999999998,0.38454209747964774,0.296047427037408,0.14999999999999988,0.46642535780933925,0.2693151698919626,0.1999999999999998
expanded_hgb,region_iecv,12,Galicia,1752,0.17179822309700202,0.36320379735843183,0.7388734059832125,0.12702420286339428,0.21778054049056228,1.0427651925582069,0.1330569100059799,0.45717881419610124,0.04999999999999999,0.2753976294764483,0.4731282338918037,0.09999999999999998,0.3637109195866678,0.41656593137310677,0.15000000000000024,0.43912954624601686,0.3772083787722916,0.2000000000000004
expanded_hgb,region_iecv,13,La Rioja,1366,0.1208221436487346,0.30364287144481733,0.7601296398235589,0.09551418740991668,0.048768682985364895,1.0779907144317842,0.17305160642348788,0.4181693209988586,0.05000000000000002,0.30342265654896905,0.3666017579584019,0.10000000000000003,0.39805721086767204,0.3206275034124566,0.15000000000000005,0.4621222161977629,0.2791729839435885,0.19999999999999998
expanded_hgb,region_iecv,14,Madrid,2035,0.15779798886730753,0.3740096756771385,0.7635173105523863,0.11724458600617291,0.548898712209415,1.1727615336892159,0.15878868565279916,0.5011307050178961,0.04999999999999998,0.31272234512526437,0.4934695713463476,0.10000000000000003,0.40055027508920643,0.42137351899549064,0.14999999999999994,0.47653467376421205,0.37598106572765566,0.20000000000000007
expanded_hgb,region_iecv,15,Melilla,247,0.17188497345922976,0.3039688802270705,0.634911260539105,0.13791601310748647,-0.5201408570959187,0.597746108899366,0.1264195952104826,0.4345925753496073,0.05000000000000002,0.21264677254440975,0.36550784854986745,0.09999999999999998,0.2721194192226671,0.3118215943388609,0.15000000000000005,0.32500126629657916,0.27931417015801785,0.2
expanded_hgb,region_iecv,16,Murcia,1604,0.15582566896340327,0.40236106754333995,0.7574239732327908,0.11449133902116654,0.32203386559165903,1.1302699577492894,0.17536673678750592,0.5465327814768434,0.05000000000000001,0.30828884891634817,0.48039316116347514,0.09999999999999999,0.40858459730267027,0.4244531213522089,0.14999999999999997,0.4860377478408164,0.37868578599380576,0.19999999999999993
expanded_hgb,region_iecv,17,Navarra,1761,0.11541166527039916,0.2691701531406923,0.7341389943133925,0.09424723358118968,-0.09652309681629616,1.064988561858122,0.1690052199823893,0.39010347755115354,0.050000000000000024,0.284274555753677,0.3280859987353478,0.10000000000000005,0.36830134096702793,0.28337514054883867,0.1499999999999999,0.47028935065375477,0.2713843855894224,0.20000000000000015
expanded_hgb,region_iecv,18,País Vasco,3117,0.1121177327833601,0.31597507781427076,0.7634186148159885,0.08878011423356953,0.06772537110905523,1.236679841874501,0.1907416224107725,0.42771036504231114,0.05,0.36808431225377036,0.4126877856301509,0.10000000000000003,0.45307514227974227,0.3386517182193536,0.14999999999999988,0.5387169418112882,0.3019986106393351,0.19999999999999976
